First Name,Middle Name,Last Name,Phonetic First Name,Phonetic Middle Name,Phonetic Last Name,Name Prefix,Name Suffix,Nickname,File As,Organization Name,Organization Title,Organization Department,Birthday,Notes,Photo,Labels,E-mail 1 - Label,E-mail 1 - Value,Phone 1 - Label,Phone 1 - Value,Address 1 - Label,Address 1 - Formatted,Address 1 - Street,Address 1 - City,Address 1 - PO Box,Address 1 - Region,Address 1 - Postal Code,Address 1 - Country,Address 1 - Extended Address,Website 1 - Label,Website 1 - Value
‎ Devansh,,Roommate 2,,,,,,,,,,,,,,* myContacts,,,Mobile,+917906298293,,,,,,,,,,,
~Charvi,,,,,,,,,,,,,,,,* myContacts,,,Mobile,+918392941138,,,,,,,,,,,
Aadi Srm,,,,,,,,,,,,,,,,* myContacts,,,Mobile,+919068772822,,,,,,,,,,,
Aadi_Nyati SRM,,,,,,,,,,,,,,,,* myContacts,,,Mobile,+918107038931,,,,,,,,,,,
Aanandit,,,,,,,,,,,,,,,,* myContacts,,,,,,,,,,,,,,,
Aayush,,,,,,,,,,,,,,,,* myContacts,,,Mobile,+919289116523,,,,,,,,,,,
Aayush,,Meena ,,,,,,,,,,,,,,* myContacts,,,Mobile,9313151077,,,,,,,,,,,
Abhay,,Vijay,,,,,,,,,,,,,,* myContacts,,,,,,,,,,,,,,,
Abhinav,,,,,,,,,,,,,,,,* myContacts,,,Mobile,+918290501150,,,,,,,,,,,
Abhinav,,,,,,,,,,,,,,,,* myContacts,,,,,,,,,,,,,,,
Abhinav,,2,,,,,,,,,,,,,https://lh3.googleusercontent.com/contacts/AG6tpzFaXSm4OmZEVXRL60YzzA-DFq5g3QtYkXCGANcGgF3ukslPVqH3,* myContacts,,,Other,+91 90014 92712,Home,"Rajasthan, India",,,,Rajasthan,,India,,,
Abhinav,,Sir,,,,,,,,,,,,,,* myContacts,,,Mobile,+918619076923,,,,,,,,,,,
Aditi,,,,,,,,,,,,,,,,* myContacts,,,Mobile,6377439320,,,,,,,,,,,
Aditya,,Bhaiya,,,,,,,,,,,,,,* myContacts,,,,,,,,,,,,,,,
Akhand Pratap Singh,,,,,,,,,,,,,,,,* myContacts,,,Mobile,+918090886300,,,,,,,,,,,
Akshadha,,2,,,,,,,,,,,,,,* myContacts,,,Mobile,+91 90796 27676,,,,,,,,,,,
Akshaj,,Hostel,,,,,,,,,,,,,,* myContacts,,,Mobile,+919311090555,,,,,,,,,,,
Akshansh,,,,,,,,,,,,,,,,* myContacts,,,Mobile,92593 56135,,,,,,,,,,,
Alvin,,,,,,,,,,,,,,,,* myContacts,,,Mobile,78782 35721,,,,,,,,,,,
Alvin ,,WhatsApp ,,,,,,,,,,,,,,* myContacts,,,Mobile,74139 46681,,,,,,,,,,,
Aman,,,,,,,,,,,,,,,,* myContacts,,,Mobile,+917742048746,,,,,,,,,,,
Aman,,,,,,,,,,,,,,,,* myContacts,,,,,,,,,,,,,,,
Aman,,,,,,,,,,,,,,,,* myContacts,,,Mobile,+917742048746,,,,,,,,,,,
Aman,,Bhaiya,,,,,,,,,,,,,,* myContacts,,,,,,,,,,,,,,,
Aman,,Dabhai,,,,,,,,,,,,,,* myContacts,,,Mobile,8209278971,,,,,,,,,,,
Amit,,Sir,,,,,,,,,,,,,,* myContacts,,,,,,,,,,,,,,,
Amos,,Mitra Srm,,,,,,,,,,,,,,* myContacts,,,Mobile,+919305866255,,,,,,,,,,,
Anandit,,,,,,,,,,,,,,,,* myContacts,,,Mobile,6375657104,,,,,,,,,,,
Anant ,,,,,,,,,,,,,,,,* myContacts,,,Mobile,+91 87645 63445,,,,,,,,,,,
Anant,,Singhvi,,,,,,,,,,,,,,* myContacts,,,Mobile,9461084222,,,,,,,,,,,
Aniket,,Sir,,,,,,,,,,,,,,* myContacts,,,,,,,,,,,,,,,
Ankur,,Sir,,,,,,,,,,,,,,* myContacts,,,,,,,,,,,,,,,
Annu,,,,,,,,,,,,,,,,* myContacts,,,,,,,,,,,,,,,
Anshuman,,Whatsapp,,,,,,,,,,,,,,* myContacts,,,Mobile,9653985919,,,,,,,,,,,
Anubhav,,SRM,,,,,,,,,,,,,,* myContacts,,,Mobile,+917906382846,,,,,,,,,,,
Arav,,SRM,,,,,,,,,,,,,,* myContacts,,,Mobile,+919509923116,,,,,,,,,,,
Aryan ,,Tyagi Srm,,,,,,,,,,,,,,* myContacts,,,Mobile,+91 75997 80117,,,,,,,,,,,
Ashish,,,,,,,,,,,,,,,,* myContacts,,,Mobile,+91 95285 46908,,,,,,,,,,,
Ashu,,,,,,,,,,,,,,,,* myContacts,,,,,,,,,,,,,,,
Ashu,,2,,,,,,,,,,,,,,* myContacts,,,,,,,,,,,,,,,
Ashu Parlour,,2,,,,,,,,,,,,,,* myContacts,,,,,,,,,,,,,,,
Ashwini ,,D Block 201,,,,,,,,,,,,,,* myContacts,,,Mobile,97943 51444,,,,,,,,,,,
Atharva ,,,,,,,,,,,,,,,,* myContacts,,,Mobile,+91 63786 80248,,,,,,,,,,,
Atul,,,,,,,,,,,,,,,,* myContacts,,,,,,,,,,,,,,,
Atulya,,,,,,,,,,,,,,,,* myContacts,,,Mobile,9414190694,,,,,,,,,,,
Avishrey,,2,,,,,,,,,,,,,,* myContacts,,,,,,,,,,,,,,,
Ayush,,Bhalerao,,,,,,,,,,,,,,* myContacts,,,,,,,,,,,,,,,
Ayush ,,Senior AIML 2nd year,,,,,,,,,,,,,,* myContacts,,,Mobile,92587 63301,,,,,,,,,,,
Bhupendra Bhaiya,,2,,,,,,,,,,,,,,* myContacts,,,Mobile,8005718324,,,,,,,,,,,
Bipul,,Uncle,,,,,,,,,,,,,,* myContacts,,,Mobile,+91 87895 68491,,,,,,,,,,,
Bugalia,,,,,,,,,,,,,,,,* myContacts,,,,,,,,,,,,,,,
Chitra,,Bhabhi,,,,,,,,,,,,,,* myContacts,,,,,,,,,,,,,,,
Darsh,,,,,,,,,,,,,,,,* myContacts,,,,,,,,,,,,,,,
Deepak,,Bhaiya,,,,,,,,,,,,,,* myContacts,,,Mobile,+91 99585 50982,,,,,,,,,,,
Deepak,,Bhaiya,,,,,,,,,,,,,,* myContacts,,,Mobile,+919568059076,,,,,,,,,,,
Devendra ,,Sir,,,,,,,,,,,,,,* myContacts,,,Mobile,+91 94135 12356,,,,,,,,,,,
Dhruv,,,,,,,,,,,,,,,,* myContacts,,,Mobile,+918000075332,,,,,,,,,,,
Dhruv,,,,,,,,,,,,,,,,* myContacts,,,,,,,,,,,,,,,
Dhruv,,Chandwani,,,,,,,,,,,,,,* myContacts,,,Mobile,+919098055595,,,,,,,,,,,
Didi❤️❤️,,,,,,,,,,,,,,,,* myContacts,,,Mobile,+918619853916,,,,,,,,,,,
Diya,,Shop,,,,,,,,,,,,,,* myContacts,,,,,,,,,,,,,,,
Dr Pankaj Kumar,,Sir,,,,,,,,Dr Pankaj Kumar,,,,,,* myContacts,,,Mobile,+919355977354,,,,,,,,,,,
Dr. Ajay Singh Yadav,,Sir,,,,,,,,,,,,,,* myContacts,,,Mobile,+919355931846,,,,,,,,,,,
Dr. Priyanka Chauhan,,Ma'am,,,,,,,,,,,,,,* myContacts,,,Mobile,+919355977315,,,,,,,,,,,
Esha,,,,,,,,,,,,,,,,* myContacts,,,,,,,,,,,,,,,
Farheen,,2,,,,,,,,,,,,,,* myContacts,,,,,,,,,,,,,,,
Golu,,,,,,,,,,,,,,,,* myContacts,,,,,,,,,,,,,,,
 H,Block,Canteen,,,,,,,,null,,,,,,* myContacts,,,Phone,+91 70550 22040,,,,,,,,,,,
Harsh,,AIML,,,,,,,,,,,,,,* myContacts,,,Mobile,+919310138811,,,,,,,,,,,
Harsh,,Bhaiya,,,,,,,,,,,,,,* myContacts,,,Mobile,6388478824,,,,,,,,,,,
Harshit,,Pant Srm,,,,,,,,,,,,,,* myContacts,,,Mobile,+919627377797,,,,,,,,,,,
Hemraj,,,,,,,,,,,,,,,,* myContacts,,,,,,,,,,,,,,,
Himanshu,,Sir,,,,,,,,Himanshu CSE,,,,,,* myContacts,,,Mobile,+919355062801,,,,,,,,,,,
JAY,,,,,,,,,,,,,,,,* myContacts,,,,,,,,,,,,,,,
Jhanvi,,2,,,,,,,,,,,,,,* myContacts,,,Mobile,+918094326909,,,,,,,,,,,
Jitendra,,,,,,,,,,,,,,,,* myContacts,,,,,,,,,,,,,,,
Jiya,,,,,,,,,,,,,,,,* myContacts,,,,,,,,,,,,,,,
Karan,,,,,,,,,,,,,,,,* myContacts,,,,,,,,,,,,,,,
Kavita,,Singhania,,,,,,,,,,,,,,* myContacts,,,,,,,,,,,,,,,
Khusvendra,,,,,,,,,,,,,,,,* myContacts,,,,,,,,,,,,,,,
Krishap,,Allen,,,,,,,,,,,,,,* myContacts,,,Mobile,+91 99550 25915,Home,"Bihar, India",,,,Bihar,,India,,,
Kunal,,,,,,,,,,,,,,,,* myContacts,,,Mobile,8209829877,,,,,,,,,,,
Kushal,,,,,,,,,,,,,,,,* myContacts,,,Mobile,+918824139809,,,,,,,,,,,
Kushal,,,,,,,,,,,,,,,,* myContacts,,,,,,,,,,,,,,,
Kushal,,,,,,,,,,,,,,,,* myContacts,,,,,,,,,,,,,,,
Kushan,,,,,,,,,,,,,,,,* myContacts,,,Mobile,9549197290,,,,,,,,,,,
Lalit Kumar,,Rawat,,,,,,,,,,,,,,* myContacts,,,,,,,,,,,,,,,
Maa,,,,,,,,,,,,,,,,* myContacts,,,,,,,,,,,,,,,
Maa,,,,,,,,,,,,,,,,* myContacts,,,Mobile,+919950297411,,,,,,,,,,,
Maa❤️,,,,,,,,,,,,,,,,* myContacts,,,Mobile,+919950297411,,,,,,,,,,,
Manoj 2,,,,,,,,,,,,,,,,* myContacts,,,Mobile,+91 76681 31239,,,,,,,,,,,
Mohit,,,,,,,,,,,,,,,,* myContacts,,,,,,,,,,,,,,,
Mohit,,SRM,,,,,,,,,,,,,,* myContacts,,,Mobile,+918708778123,,,,,,,,,,,
Mohitesh ,,,,,,,,,,,,,,,,* myContacts,,,Mobile,90793 22383,,,,,,,,,,,
Mohitesh,,Sanadya,,,,,,,,,,,,,,* myContacts,,,,,,,,,,,,,,,
Mridul,,SRM,,,,,,,,,,,,,,* myContacts,,,Mobile,+919162069497,,,,,,,,,,,
Nakshatra AZ1,,,,,,,,,,,,,,,,* myContacts,,,Mobile,+916367843891,,,,,,,,,,,
Nandini SRM,,,,,,,,,,,,,,,,* myContacts,,,Mobile,+919236677326,,,,,,,,,,,
Navya SRM,,,,,,,,,,,,,,,,* myContacts,,,Mobile,+918279651546,,,,,,,,,,,
Nigam Prakash,,,,,,,,,,,,,,,,* myContacts,,,,,,,,,,,,,,,
Nikhil,,,,,,,,,,,,,,,,* myContacts,,,Mobile,8209012048,,,,,,,,,,,
Nikhil,,,,,,,,,,,,,,,,* myContacts,,,,,,,,,,,,,,,
Nikhil,,,,,,,,,,,,,,,,* myContacts,,,,,,,,,,,,,,,
Nikhil,,2,,,,,,,,,,,,,,* myContacts,,,,,,,,,,,,,,,
Om,,,,,,,,,,,,,,,,* myContacts,,,,,,,,,,,,,,,
Pamila,,Ma'am,,,,,,,,,,,,,,* myContacts,,,Phone,+91 93526 24513,,,,,,,,,,,
Papa Whatsapp,,,,,,,,,,,,,,,,* myContacts,,,Mobile,+918107418492,,,,,,,,,,,
Parth,,,,,,,,,,,,,,,,* myContacts,,,,,,,,,,,,,,,
Pavitra,,,,,,,,,,,,,,,,* myContacts,,,,,,,,,,,,,,,
Piri,,Uncle,,,,Dr,,,,,,,,,,* myContacts,,,Mobile,9829903409,,,,,,,,,,,
Pompy Ma'am ,,,,,,,,,,,,,,,,* myContacts,,,Mobile,+91 99292 92786,,,,,,,,,,,
Pratima,,Mausi,,,,,,,,,,,,,,* myContacts,,,Mobile,9110170795,,,,,,,,,,,
Praveen,,SRM,,,,,,,,,,,,,,* myContacts,,,Mobile,+918218471682,,,,,,,,,,,
Prerna Sharma,,SRM ,,,,,,,,,,,,,,* myContacts,,,Mobile,+91 96504 10672,,,,,,,,,,,
Princi Batch Mentor,,,,,,,,,,,,,,,,* myContacts,,,,,,,,,,,,,,,
Priyanka Ma'am ,,,,,,,,,,,,,,,,* myContacts,,,Mobile,+91 95115 50331,,,,,,,,,,,
Pushkar,,G348,,,,,,,,,,,,,,* myContacts,,,Mobile,72770 04400,,,,,,,,,,,
Rahul Bhaiya,,,,,,,,,,,,,,,,* myContacts,,,Mobile,+91 89495 58697,,,,,,,,,,,
Rahul Yadav,,Sir,,,,,,,,,,,,,,* myContacts,,,Mobile,93559 31801,,,,,,,,,,,
Rajendra KUMAR SAHUWarden Sir,G,Block,,,,,,,,,,,,,,* myContacts,,,Phone,+91 89237 65283,,,,,,,,,,,
Ramesh Bhaiya Orangle Blossom Canteen,G,Block,,,,,,,,,,,,,,* myContacts,,,Phone,+91 81261 83355,,,,,,,,,,,
Rashi ,,Ma'am,,,,,,,,Rashi Agarwal,,,,,,* myContacts,,,Mobile,+91 93550 62721,,,,,,,,,,,
Rashmeet,,,,,,,,,,,,,,,,* myContacts,,,,,,,,,,,,,,,
Reddy,,SRM,,,,,,,,,,,,,,* myContacts,,,Mobile,+919182716887,,,,,,,,,,,
Restaurant,Order,No,,,,,,,,,,,,,,* myContacts,,,Phone,+91 93898 61349,,,,,,,,,,,
Restaurant,Order,No,,,,,,,,,,,,,,* myContacts,,,Phone,+91 93898 61349,,,,,,,,,,,
Rhythm,,Allen,,,,,,,,,,,,,,* myContacts,,,Mobile,7891789797,,,,,,,,,,,
Ritik,,,,,,,,,,,,,,,,* myContacts,,,Mobile,87006 82882,,,,,,,,,,,
Riya,,,,,,,,,,,,,,,,* myContacts,,,,,,,,,,,,,,,
Saba,,,,,,,,,,,,,,,,* myContacts,,,,,,,,,,,,,,,
Sachin,,,,,,,,,,,,,,,,* myContacts,,,,,,,,,,,,,,,
Sahil,,,,,,,,,,,,,,,,* myContacts,,,,,,,,,,,,,,,
Sahil,,2,,,,,,,,,,,,,,* myContacts,,,Mobile,+919351381172,,,,,,,,,,,
Sahil,,Sharma,,,,,,,,,,,,,,* myContacts,,,Mobile,9512809891,,,,,,,,,,,
Sahil ,,Singh SRM,,,,,,,,,,,,,,* myContacts,,,Mobile,+91 70043 54025,,,,,,,,,,,
Saksham,,SRM,,,,,,,,,,,,,,* myContacts,,,Mobile,+917505790978,,,,,,,,,,,
Santosh,,Sir,,,,,,,,,,,,,,* myContacts,,,,,,,,,,,,,,,
Sarvochay SRM,,,,,,,,,,,,,,,,* myContacts,,,Mobile,+917887907107,,,,,,,,,,,
Shashank,,AIML,,,,,,,,,,,,,,* myContacts,,,Mobile,+918619839399,,,,,,,,,,,
Shyama,,,,,,,,,,,,,,,,* myContacts,,,,,,,,,,,,,,,
Siddhesh,,,,,,,,,,,,,,,,* myContacts,,,,,,,,,,,,,,,
Sneha,,Gaya,,,,,,,,,,,,,,* myContacts,,,,,,,,,,,,,,,
Sombit SRM,,,,,,,,,,,,,,,,* myContacts,,,Mobile,93192 15944,,,,,,,,,,,
Sonu Bhaiya ,,,,,,,,,,,,,,,,* myContacts,,,Mobile,88518 21471,,,,,,,,,,,
Sonu Bhaiya ,,Whatsapp,,,,,,,,,,,,,,* myContacts,,,Mobile,99054 36672,,,,,,,,,,,
Sourav,,,,,,,,,,,,,,,,* myContacts,,,,,,,,,,,,,,,
Sourav,,Bhaiya,,,,,,,,,,,,,,* myContacts,,,Mobile,7014733933,,,,,,,,,,,
Supriya,,Ma'am,,,,,,,,,,,,,,* myContacts,,,Mobile,8209060004,,,,,,,,,,,
Surbhi,,,,,,,,,,,,,,,,* myContacts,,,,,,,,,,,,,,,
Sushmit,,AIML,,,,,,,,,,,,,,* myContacts,,,Mobile,+919891053456,,,,,,,,,,,
Tanishk,,SRM,,,,,,,,,,,,,,* myContacts,,,Mobile,+919971152470,,,,,,,,,,,
Tata,,Sky,,,,,,,,,,,,,,* myContacts,,,,,,,,,,,,,,,
Tumpa Jio,,,,,,,,,,,,,,,,* myContacts,,,,,,,,,,,,,,,
Udit,,Bhaiya,,,,,,,,,,,,,,* myContacts,,,,,,,,,,,,,,,
Usha Ma'am,,,,,,,,,,,,,,,,* myContacts,,,,,,,,,,,,,,,
Vaibhav,,,,,,,,,,,,,,,,* myContacts,,,,,,,,,,,,,,,
Vedansh,,,,,,,,,,,,,,,,* myContacts,,,Mobile,+918858985064,,,,,,,,,,,
Vinaylata,,,,,,,,,,,,,,,,* myContacts,,,,,,,,,,,,,,,
Vinita,,,,,,,,,,,,,,,,* myContacts,,,,,,,,,,,,,,,
Vivek ,,SRM,,,,,,,,,,,,,,* myContacts,,,Mobile,74549 43117,,,,,,,,,,,
vivo,Customer,Care,,,,,,,,,,,,,https://lh3.googleusercontent.com/contacts/AG6tpzGkiP2junfmX8JYrRUwre5WFrphre3_q8AOhJ0xIPv5b-EuOiEg,* myContacts,* Home,vcare@vivo.com,Mobile,18002083388 ::: 18001023388,,,,,,,,,,Home,https://www.vivo.com
vivo,Customer,Care,,,,,,,,,,,,,https://lh3.googleusercontent.com/contacts/AG6tpzHmW8bDxf9j87Z9v0W1E4N_GbVL26_tyaeImv3fMY7s3fISPrp7,* myContacts,* Home,vcare@vivo.com,Mobile,18002083388 ::: 18001023388,,,,,,,,,,Home,https://www.vivo.com
vivo,Customer,Care,,,,,,,,,,,,,https://lh3.googleusercontent.com/contacts/AG6tpzE4XKuuIy2Ftb2BGyIbmyoSOhMp9Ih1s9jELDDouCM0ZxHcKok5,* myContacts,* Home,vcare@vivo.com,Mobile,18002083388 ::: 18001023388,,,,,,,,,,Home Page,https://www.vivo.com
Vratika,,,,,,,,,,,,,,,,* myContacts,,,,,,,,,,,,,,,
Washerman,,,,,,,,,,,,,,,,* myContacts,,,,,,,,,,,,,,,
Yash,,AIML,,,,,,,,,,,,,,* myContacts,,,Mobile,+919259435393,,,,,,,,,,,
Yashu(BEWDA)🍾🍻,,,,,,,,,,,,,,,,* myContacts,,,,,,,,,,,,,,,
Yuvraj,Singh,Rana,,,,,,,,,,,,,,* myContacts,,,Mobile,7568055567,,,,,,,,,,,